,Title,Link
rss,Volatility Views,https://volatilityviews.libsyn.com/rss
rss,Fill The Gap: The Official Podcast of the CMT Association,https://feeds.buzzsprout.com/1551823.rss
rss,WTFinance,https://feeds.buzzsprout.com/1714687.rss
rss,What Bitcoin Did with Peter McCormack,https://www.whatbitcoindid.com/podcast?format=rss
rss,Odd Lots,https://www.omnycontent.com/d/playlist/e73c998e-6e60-432f-8610-ae210140c5b1/8a94442e-5a74-4fa2-8b8d-ae27003a8d6b/982f5071-765c-403d-969d-ae27003a8d83/podcast.rss
rss,Planet Money,https://feeds.npr.org/510289/podcast.xml
rss,Noded Bitcoin Podcast,https://feeds.soundcloud.com/users/soundcloud:users:343665466/sounds.rss
rss,Macro Hive Conversations With Bilal Hafeez,https://macrohive.libsyn.com/rss
rss,Profit Maximalist,https://coinistpodcast.libsyn.com/rss
rss,The Bitcoin Standard Podcast,https://feeds.buzzsprout.com/1849151.rss
rss,The Mining Pod | Bitcoin Mining News,https://anchor.fm/s/1242392c/podcast/rss
rss,Unchained,https://feeds.megaphone.fm/LSHML4761942757
rss,The Bitcoin Matrix,https://bitcoinmatrix.libsyn.com/rss
rss,Exchanges at Goldman Sachs,https://feeds.megaphone.fm/GLD9218176758
rss,Inside Bitcoin,https://feeds.simplecast.com/n_78Pkgh
rss,Rabbit Hole,https://feeds.simplecast.com/oCXij9l2
rss,The Let's Talk Bitcoin Network,http://feeds.feedburner.com/TheDailyBitcoinShow
rss,Shitcoin Insider,https://feeds.megaphone.fm/shitcoininsider
rss,Citadel Dispatch,https://anchor.fm/s/45563e80/podcast/rss
rss,Bitcoin & Crypto Trading: Ledger Cast,https://feeds.simplecast.com/j5Cx9jps
rss,Bitcoin Rapid-Fire,https://anchor.fm/s/d6b3354/podcast/rss
rss,Swan Signal - A Bitcoin Podcast,https://feeds.simplecast.com/Z1tu2Hds
rss,On The Brink with Castle Island,https://castleisland.libsyn.com/rss
rss,Bitcoin Magazine Podcast,https://bitcoinmagazine.libsyn.com/rss
rss,The Alternative Investor,https://feed.pippa.io/public/shows/5aad9a49e932f49b6bf95c66
rss,Millennial Investing - The Investor’s Podcast Network,https://rss.art19.com/millennial-investing
rss,Whalepool,https://anchor.fm/s/19247ef8/podcast/rss
rss,Magic Internet Money,https://magicinternetmoney.libsyn.com/rss
rss,Untold Stories,https://feeds.megaphone.fm/untoldstories
rss,Crypto is Depressing,https://anchor.fm/s/127e2888/podcast/rss
rss,The Breakdown,https://nlwcrypto.libsyn.com/rss
rss,Crypto Critics' Corner,https://anchor.fm/s/4fa795b4/podcast/rss
rss,Bitcoin Audible,https://feeds.megaphone.fm/bitcoinaudible
rss,Bloomberg Crypto,https://www.omnycontent.com/d/playlist/e73c998e-6e60-432f-8610-ae210140c5b1/ddc39a43-d1ea-42f6-b3a9-ae9000ef8bc2/a471dc14-734b-4b9e-b13c-ae9000f044fb/podcast.rss
rss,The Bitcoin Knowledge Podcast,https://www.bitcoin.kn/feed/podcast/
rss,Blue Collar Bitcoin Podcast,https://feed.podbean.com/bluecollarbitcoinpodcast/feed.xml
rss,Rekt Podcast: Bitcoin and Cryptocurrency Fun,https://ca-ns-1.bulkstorage.ca/v1/AUTH_0d09c87549084f4ba4ad4a9e807d0d76/13506/feeds/IJZG2.xml?temp_url_sig=be166e4d3165953048f71a2fb4e41f3c30444d5f&temp_url_expires=1901952828&inline
rss,On the Margin,https://feeds.megaphone.fm/onthemargin
rss,The Bad Crypto Podcast,https://www.omnycontent.com/d/playlist/8edea6b9-fca4-41a1-83ee-aa76002b9dd8/8f677bef-192a-4471-a50b-abcd002a30ee/5ec27e5e-3d28-4913-b240-abcd002a3106/podcast.rss
rss,Stephan Livera Podcast,https://anchor.fm/s/7d083a4/podcast/rss
rss,HodlCast with Sasha Hodler,https://anchor.fm/s/85067568/podcast/rss
rss,Ground Floor Consensus,https://feeds.megaphone.fm/realvisioncrypto
rss,Navigating Bitcoin's Noise,https://www.spreaker.com/show/4990519/episodes/feed
rss,TFTC: A Bitcoin Podcast,https://anchor.fm/s/558f520/podcast/rss
rss,SMART PEOPLE SH*T (A Bitcoin Podcast),https://feeds.buzzsprout.com/1758058.rss
rss,Hard Money with Natalie Brunell,https://anchor.fm/s/9eb67f08/podcast/rss
rss,Unusual Whales,https://media.rss.com/unusualwhales/feed.xml
rss,Bitcoin Explained - The Technical Side of Bitcoin,https://nadobtc.libsyn.com/rss
rss,Confessions Of A Market Maker,https://media.rss.com/confessionsmm/feed.xml
rss,Real Vision Finance,https://feeds.listenbox.app/rss/5q1wQSddLixW/audio.rss
rss,Go Full Crypto,https://feed.podbean.com/gofullcrypto/feed.xml
rss,Unconfirmed,https://unconfirmed.libsyn.com/rss
rss,The Pomp Podcast,https://anchor.fm/s/b4841110/podcast/rss
rss,Coin Stories with Natalie Brunell,https://coinstories.libsyn.com/rsscoin
rss,We Study Billionaires - The Investor’s Podcast Network,https://rss.art19.com/the-investors-podcast
rss,a16z Podcast,https://feeds.simplecast.com/JGE3yC0V
rss,Speaking of Bitcoin (formerly Let's Talk Bitcoin!),https://anchor.fm/s/b421fd4/podcast/rss
